,Country_name,Regional_indicator,Ladder_score,Social_support,Healthy_life_expectancy,Perceptions_of_corruption,year
0,Finland,Western Europe,7.8420000000000005,0.9540000000000001,72.0,0.18600000000000003,2021
1,Denmark,Western Europe,7.62,0.9540000000000001,72.7,0.179,2021
2,Switzerland,Western Europe,7.571000000000001,0.9420000000000001,74.4,0.292,2021
3,Iceland,Western Europe,7.553999999999999,0.983,73.0,0.6729999999999999,2021
4,Netherlands,Western Europe,7.4639999999999995,0.9420000000000001,72.4,0.33799999999999997,2021
5,Norway,Western Europe,7.392,0.9540000000000001,73.3,0.27,2021
6,Sweden,Western Europe,7.3629999999999995,0.934,72.7,0.237,2021
7,Luxembourg,Western Europe,7.324,0.9079999999999999,72.6,0.386,2021
8,New Zealand,North America and ANZ,7.277,0.948,73.4,0.242,2021
9,Austria,Western Europe,7.268,0.934,73.3,0.48100000000000004,2021
10,Australia,North America and ANZ,7.183,0.94,73.9,0.442,2021
11,Israel,Middle East and North Africa,7.157,0.9390000000000001,73.503,0.753,2021
12,Germany,Western Europe,7.155,0.903,72.5,0.46,2021
13,Canada,North America and ANZ,7.103,0.9259999999999999,73.8,0.415,2021
14,Ireland,Western Europe,7.085,0.9470000000000001,72.4,0.363,2021
15,Costa Rica,Latin America and Caribbean,7.069,0.8909999999999999,71.4,0.809,2021
16,United Kingdom,Western Europe,7.064,0.934,72.5,0.45899999999999996,2021
17,Czech Republic,Central and Eastern Europe,6.965,0.9470000000000001,70.807,0.868,2021
18,United States,North America and ANZ,6.9510000000000005,0.92,68.2,0.698,2021
19,Belgium,Western Europe,6.834,0.9059999999999999,72.199,0.6459999999999999,2021
20,France,Western Europe,6.69,0.9420000000000001,74.0,0.5710000000000001,2021
21,Bahrain,Middle East and North Africa,6.647,0.862,69.495,0.722,2021
22,Malta,Western Europe,6.602,0.9309999999999999,72.2,0.653,2021
23,Taiwan Province of China,East Asia,6.584,0.898,69.6,0.721,2021
24,United Arab Emirates,Middle East and North Africa,6.561,0.8440000000000001,67.333,0.589,2021
25,Saudi Arabia,Middle East and North Africa,6.494,0.8909999999999999,66.60300000000001,0.684,2021
26,Spain,Western Europe,6.4910000000000005,0.932,74.7,0.745,2021
27,Italy,Western Europe,6.483,0.88,73.8,0.866,2021
28,Slovenia,Central and Eastern Europe,6.461,0.948,71.4,0.8059999999999999,2021
29,Guatemala,Latin America and Caribbean,6.435,0.813,64.958,0.775,2021
30,Uruguay,Latin America and Caribbean,6.431,0.925,69.1,0.59,2021
31,Singapore,Southeast Asia,6.377000000000001,0.915,76.953,0.08199999999999999,2021
32,Kosovo,Central and Eastern Europe,6.372000000000001,0.821,63.813,0.917,2021
33,Slovakia,Central and Eastern Europe,6.331,0.9359999999999999,69.20100000000001,0.9109999999999999,2021
34,Brazil,Latin America and Caribbean,6.33,0.882,66.601,0.7559999999999999,2021
35,Mexico,Latin America and Caribbean,6.317,0.831,68.597,0.799,2021
36,Jamaica,Latin America and Caribbean,6.309,0.877,67.5,0.884,2021
37,Lithuania,Central and Eastern Europe,6.255,0.935,67.906,0.826,2021
38,Cyprus,Western Europe,6.223,0.802,73.898,0.8440000000000001,2021
39,Estonia,Central and Eastern Europe,6.189,0.941,68.8,0.527,2021
40,Panama,Latin America and Caribbean,6.18,0.8959999999999999,69.652,0.856,2021
41,Uzbekistan,Commonwealth of Independent States,6.178999999999999,0.9179999999999999,65.255,0.515,2021
42,Chile,Latin America and Caribbean,6.172000000000001,0.882,70.0,0.83,2021
43,Poland,Central and Eastern Europe,6.166,0.898,69.702,0.735,2021
44,Kazakhstan,Commonwealth of Independent States,6.152,0.9520000000000001,65.2,0.733,2021
45,Romania,Central and Eastern Europe,6.14,0.8320000000000001,67.355,0.938,2021
46,Kuwait,Middle East and North Africa,6.106,0.843,66.9,0.736,2021
47,Serbia,Central and Eastern Europe,6.077999999999999,0.873,68.6,0.835,2021
48,El Salvador,Latin America and Caribbean,6.061,0.762,66.402,0.688,2021
49,Mauritius,Sub-Saharan Africa,6.0489999999999995,0.905,66.70100000000001,0.789,2021
50,Latvia,Central and Eastern Europe,6.032,0.927,67.1,0.8,2021
51,Colombia,Latin America and Caribbean,6.0120000000000005,0.847,68.001,0.841,2021
52,Hungary,Central and Eastern Europe,5.992000000000001,0.943,68.0,0.8759999999999999,2021
53,Thailand,Southeast Asia,5.985,0.888,67.40100000000001,0.895,2021
54,Nicaragua,Latin America and Caribbean,5.972,0.8640000000000001,67.657,0.664,2021
55,Japan,East Asia,5.94,0.884,75.1,0.638,2021
56,Argentina,Latin America and Caribbean,5.928999999999999,0.898,69.0,0.8340000000000001,2021
57,Portugal,Western Europe,5.928999999999999,0.879,72.6,0.887,2021
58,Honduras,Latin America and Caribbean,5.919,0.812,67.3,0.809,2021
59,Croatia,Central and Eastern Europe,5.882000000000001,0.924,70.79899999999999,0.9390000000000001,2021
60,Philippines,Southeast Asia,5.88,0.83,62.0,0.742,2021
61,South Korea,East Asia,5.845,0.799,73.9,0.727,2021
62,Peru,Latin America and Caribbean,5.84,0.8320000000000001,68.25,0.8909999999999999,2021
63,Bosnia and Herzegovina,Central and Eastern Europe,5.813,0.87,68.098,0.9309999999999999,2021
64,Moldova,Commonwealth of Independent States,5.766,0.857,65.699,0.9179999999999999,2021
65,Ecuador,Latin America and Caribbean,5.763999999999999,0.821,68.8,0.843,2021
66,Kyrgyzstan,Commonwealth of Independent States,5.744,0.893,64.40100000000001,0.9079999999999999,2021
67,Greece,Western Europe,5.723,0.823,72.6,0.823,2021
68,Bolivia,Latin America and Caribbean,5.716,0.81,63.901,0.8390000000000001,2021
69,Mongolia,East Asia,5.6770000000000005,0.935,62.5,0.856,2021
70,Paraguay,Latin America and Caribbean,5.653,0.893,65.9,0.882,2021
71,Montenegro,Central and Eastern Europe,5.581,0.858,68.699,0.812,2021
72,Dominican Republic,Latin America and Caribbean,5.545,0.853,66.102,0.7140000000000001,2021
73,North Cyprus,Western Europe,5.5360000000000005,0.82,73.898,0.626,2021
74,Belarus,Commonwealth of Independent States,5.534,0.91,66.253,0.627,2021
75,Russia,Commonwealth of Independent States,5.477,0.903,64.703,0.845,2021
76,Hong Kong S.A.R. of China,East Asia,5.477,0.836,76.82,0.40299999999999997,2021
77,Tajikistan,Commonwealth of Independent States,5.466,0.86,64.281,0.5529999999999999,2021
78,Vietnam,Southeast Asia,5.4110000000000005,0.85,68.03399999999999,0.7959999999999999,2021
79,Libya,Middle East and North Africa,5.41,0.8270000000000001,62.3,0.667,2021
80,Malaysia,Southeast Asia,5.3839999999999995,0.8170000000000001,67.102,0.8390000000000001,2021
81,Indonesia,Southeast Asia,5.345,0.8109999999999999,62.236000000000004,0.867,2021
82,Congo (Brazzaville),Sub-Saharan Africa,5.3420000000000005,0.636,58.221000000000004,0.745,2021
83,China,East Asia,5.3389999999999995,0.8109999999999999,69.593,0.755,2021
84,Ivory Coast,Sub-Saharan Africa,5.306,0.644,50.114,0.794,2021
85,Armenia,Commonwealth of Independent States,5.2829999999999995,0.799,67.055,0.629,2021
86,Nepal,South Asia,5.269,0.774,64.233,0.727,2021
87,Bulgaria,Central and Eastern Europe,5.266,0.9309999999999999,67.0,0.932,2021
88,Maldives,South Asia,5.1979999999999995,0.9129999999999999,70.6,0.825,2021
89,Azerbaijan,Commonwealth of Independent States,5.171,0.836,65.656,0.506,2021
90,Cameroon,Sub-Saharan Africa,5.142,0.71,53.515,0.848,2021
91,Senegal,Sub-Saharan Africa,5.132000000000001,0.71,59.802,0.8009999999999999,2021
92,Albania,Central and Eastern Europe,5.117,0.6970000000000001,68.999,0.9009999999999999,2021
93,North Macedonia,Central and Eastern Europe,5.101,0.805,65.47399999999999,0.905,2021
94,Ghana,Sub-Saharan Africa,5.088,0.727,57.586000000000006,0.848,2021
95,Niger,Sub-Saharan Africa,5.074,0.6409999999999999,53.78,0.693,2021
96,Turkmenistan,Commonwealth of Independent States,5.066,0.983,62.409,0.888,2021
97,Gambia,Sub-Saharan Africa,5.051,0.69,55.16,0.746,2021
98,Benin,Sub-Saharan Africa,5.045,0.489,54.713,0.6609999999999999,2021
99,Laos,Southeast Asia,5.03,0.728,58.968,0.6579999999999999,2021
100,Bangladesh,South Asia,5.025,0.693,64.8,0.682,2021
101,Guinea,Sub-Saharan Africa,4.984,0.639,55.008,0.7659999999999999,2021
102,South Africa,Sub-Saharan Africa,4.956,0.86,56.903999999999996,0.86,2021
103,Turkey,Middle East and North Africa,4.948,0.8220000000000001,67.199,0.7759999999999999,2021
104,Pakistan,South Asia,4.934,0.6509999999999999,58.708999999999996,0.787,2021
105,Morocco,Middle East and North Africa,4.918,0.56,66.208,0.8009999999999999,2021
106,Venezuela,Latin America and Caribbean,4.8919999999999995,0.861,66.7,0.8270000000000001,2021
107,Georgia,Commonwealth of Independent States,4.891,0.6709999999999999,64.3,0.655,2021
108,Algeria,Middle East and North Africa,4.887,0.802,66.005,0.752,2021
109,Ukraine,Commonwealth of Independent States,4.875,0.888,64.902,0.924,2021
110,Iraq,Middle East and North Africa,4.854,0.746,60.583,0.875,2021
111,Gabon,Sub-Saharan Africa,4.852,0.7759999999999999,59.961999999999996,0.84,2021
112,Burkina Faso,Sub-Saharan Africa,4.834,0.672,54.151,0.748,2021
113,Cambodia,Southeast Asia,4.83,0.765,62.0,0.843,2021
114,Mozambique,Sub-Saharan Africa,4.794,0.7440000000000001,54.706,0.684,2021
115,Nigeria,Sub-Saharan Africa,4.7589999999999995,0.74,50.102,0.878,2021
116,Mali,Sub-Saharan Africa,4.723,0.7240000000000001,51.968999999999994,0.8270000000000001,2021
117,Iran,Middle East and North Africa,4.721,0.71,66.3,0.7140000000000001,2021
118,Uganda,Sub-Saharan Africa,4.636,0.7809999999999999,56.101000000000006,0.855,2021
119,Liberia,Sub-Saharan Africa,4.625,0.72,56.498000000000005,0.85,2021
120,Kenya,Sub-Saharan Africa,4.607,0.688,60.70399999999999,0.825,2021
121,Tunisia,Middle East and North Africa,4.596,0.691,67.20100000000001,0.87,2021
122,Lebanon,Middle East and North Africa,4.584,0.848,67.355,0.898,2021
123,Namibia,Sub-Saharan Africa,4.574,0.818,56.799,0.847,2021
124,Palestinian Territories,Middle East and North Africa,4.5169999999999995,0.826,62.25,0.821,2021
125,Myanmar,Southeast Asia,4.426,0.779,59.302,0.66,2021
126,Jordan,Middle East and North Africa,4.395,0.767,67.0,0.705,2021
127,Chad,Sub-Saharan Africa,4.355,0.619,48.478,0.807,2021
128,Sri Lanka,South Asia,4.325,0.8270000000000001,67.29899999999999,0.863,2021
129,Swaziland,Sub-Saharan Africa,4.308,0.77,50.833,0.708,2021
130,Comoros,Sub-Saharan Africa,4.289,0.626,57.349,0.7809999999999999,2021
131,Egypt,Middle East and North Africa,4.283,0.75,61.998000000000005,0.795,2021
132,Ethiopia,Sub-Saharan Africa,4.275,0.764,59.0,0.7609999999999999,2021
133,Mauritania,Sub-Saharan Africa,4.227,0.795,57.161,0.731,2021
134,Madagascar,Sub-Saharan Africa,4.208,0.6859999999999999,59.305,0.8029999999999999,2021
135,Togo,Sub-Saharan Africa,4.107,0.569,54.913999999999994,0.772,2021
136,Zambia,Sub-Saharan Africa,4.073,0.708,55.809,0.823,2021
137,Sierra Leone,Sub-Saharan Africa,3.8489999999999998,0.63,51.651,0.866,2021
138,India,South Asia,3.819,0.603,60.633,0.774,2021
139,Burundi,Sub-Saharan Africa,3.775,0.49,53.4,0.607,2021
140,Yemen,Middle East and North Africa,3.658,0.8320000000000001,57.122,0.8,2021
141,Tanzania,Sub-Saharan Africa,3.623,0.7020000000000001,57.998999999999995,0.5770000000000001,2021
142,Haiti,Latin America and Caribbean,3.615,0.54,55.7,0.721,2021
143,Malawi,Sub-Saharan Africa,3.6,0.537,57.948,0.7290000000000001,2021
144,Lesotho,Sub-Saharan Africa,3.512,0.787,48.7,0.915,2021
145,Botswana,Sub-Saharan Africa,3.467,0.784,59.269,0.8009999999999999,2021
146,Rwanda,Sub-Saharan Africa,3.415,0.552,61.4,0.16699999999999998,2021
147,Zimbabwe,Sub-Saharan Africa,3.145,0.75,56.201,0.821,2021
148,Afghanistan,South Asia,2.523,0.46299999999999997,52.493,0.924,2021
11,Afghanistan,Middle East and North Africa,2.375,0.42,52.4,0.924,2019
23,Albania,East Asia,4.995,0.6859999999999999,69.0,0.914,2019
24,Albania,Middle East and North Africa,5.365,0.71,69.3,0.8909999999999999,2020
32,Algeria,Central and Eastern Europe,4.745,0.8029999999999999,66.1,0.741,2019
50,Argentina,Central and Eastern Europe,6.086,0.8959999999999999,69.0,0.83,2019
51,Argentina,Latin America and Caribbean,5.901,0.897,69.2,0.816,2020
65,Armenia,Latin America and Caribbean,5.4879999999999995,0.782,67.2,0.583,2019
78,Australia,Southeast Asia,7.234,0.943,73.9,0.43,2019
79,Australia,Middle East and North Africa,7.1370000000000005,0.937,74.2,0.491,2020
91,Austria,Sub-Saharan Africa,7.195,0.9640000000000001,73.3,0.457,2019
92,Austria,Central and Eastern Europe,7.212999999999999,0.925,73.6,0.46399999999999997,2020
106,Azerbaijan,Latin America and Caribbean,5.172999999999999,0.887,65.8,0.457,2019
116,Bahrain,Sub-Saharan Africa,7.098,0.878,69.3,,2019
117,Bahrain,Middle East and North Africa,6.172999999999999,0.848,69.7,,2020
131,Bangladesh,Middle East and North Africa,5.114,0.6729999999999999,64.8,0.6559999999999999,2019
132,Bangladesh,Sub-Saharan Africa,5.28,0.7390000000000001,65.3,0.742,2020
146,Belarus,Sub-Saharan Africa,5.821000000000001,0.917,66.4,0.546,2019
159,Belgium,Unspecified,6.772,0.884,72.2,0.672,2019
160,Belgium,Unspecified,6.8389999999999995,0.904,72.4,0.634,2020
173,Benin,Unspecified,4.976,0.442,54.7,0.698,2019
174,Benin,Unspecified,4.408,0.507,55.1,0.532,2020
191,Bolivia,Unspecified,5.6739999999999995,0.784,63.9,0.857,2019
192,Bolivia,Unspecified,5.559,0.805,64.2,0.868,2020
204,Bosnia and Herzegovina,Unspecified,6.016,0.873,68.1,0.963,2019
205,Bosnia and Herzegovina,Unspecified,5.516,0.899,68.4,0.9159999999999999,2020
217,Botswana,Unspecified,3.471,0.774,59.6,0.792,2019
231,Brazil,Unspecified,6.4510000000000005,0.899,66.6,0.762,2019
232,Brazil,Unspecified,6.11,0.831,66.8,0.7290000000000001,2020
243,Bulgaria,Unspecified,5.1080000000000005,0.948,67.0,0.943,2019
244,Bulgaria,Unspecified,5.598,0.9159999999999999,67.2,0.9009999999999999,2020
257,Burkina Faso,Unspecified,4.7410000000000005,0.6829999999999999,54.4,0.7290000000000001,2019
276,Cambodia,Unspecified,4.998,0.759,62.0,0.828,2019
277,Cambodia,Unspecified,4.377,0.7240000000000001,62.4,0.863,2020
291,Cameroon,Unspecified,4.937,0.711,53.5,0.8170000000000001,2019
292,Cameroon,Unspecified,5.2410000000000005,0.72,54.3,0.8370000000000001,2020
306,Canada,Unspecified,7.109,0.925,73.8,0.436,2019
307,Canada,Unspecified,7.025,0.9309999999999999,74.0,0.434,2020
326,Chad,Unspecified,4.251,0.64,48.7,0.8320000000000001,2019
340,Chile,Unspecified,5.942,0.8690000000000001,70.0,0.86,2019
341,Chile,Unspecified,6.151,0.888,70.1,0.812,2020
355,China,Unspecified,5.144,0.8220000000000001,69.6,,2019
356,China,Unspecified,5.771,0.8079999999999999,69.9,,2020
370,Colombia,Unspecified,6.35,0.873,68.0,0.8540000000000001,2019
371,Colombia,Unspecified,5.709,0.797,68.3,0.8079999999999999,2020
377,Comoros,Unspecified,4.609,0.632,57.5,0.762,2019
387,Congo (Brazzaville),Unspecified,5.212999999999999,0.625,58.5,0.741,2019
409,Costa Rica,Unspecified,6.997999999999999,0.9059999999999999,71.5,0.836,2019
421,Croatia,Unspecified,5.626,0.9359999999999999,70.8,0.932,2019
422,Croatia,Unspecified,6.507999999999999,0.9229999999999999,71.4,0.961,2020
435,Cyprus,Unspecified,6.1370000000000005,0.7759999999999999,73.9,0.865,2019
436,Cyprus,Unspecified,6.26,0.8059999999999999,74.1,0.816,2020
448,Czech Republic,Unspecified,6.897,0.9640000000000001,71.3,0.884,2020
462,Denmark,Unspecified,7.693,0.958,72.7,0.174,2019
463,Denmark,Unspecified,7.515,0.9470000000000001,73.0,0.214,2020
481,Dominican Republic,Unspecified,6.004,0.884,66.1,0.746,2019
482,Dominican Republic,Unspecified,5.167999999999999,0.8059999999999999,66.4,0.636,2020
496,Ecuador,Unspecified,5.809,0.8079999999999999,68.8,0.8390000000000001,2019
497,Ecuador,Unspecified,5.354,0.804,69.1,0.855,2020
511,Egypt,Unspecified,4.328,0.772,62.0,,2019
512,Egypt,Unspecified,4.4719999999999995,0.6729999999999999,62.3,,2020
526,El Salvador,Unspecified,6.455,0.764,66.4,0.682,2019
527,El Salvador,Unspecified,5.462000000000001,0.696,66.7,0.583,2020
540,Estonia,Unspecified,6.035,0.934,68.8,0.5760000000000001,2019
541,Estonia,Unspecified,6.452999999999999,0.958,69.0,0.39799999999999996,2020
549,Ethiopia,Unspecified,4.1,0.748,59.0,0.732,2019
550,Ethiopia,Unspecified,4.5489999999999995,0.823,59.5,0.784,2020
562,Finland,Unspecified,7.78,0.937,72.0,0.195,2019
563,Finland,Unspecified,7.888999999999999,0.9620000000000001,72.1,0.16399999999999998,2020
577,France,Unspecified,6.69,0.958,74.0,0.568,2019
578,France,Unspecified,6.7139999999999995,0.9470000000000001,74.2,0.565,2020
587,Gabon,Unspecified,4.914,0.763,60.2,0.846,2019
590,Gambia,Unspecified,5.164,0.6940000000000001,55.3,0.7979999999999999,2019
604,Georgia,Unspecified,4.8919999999999995,0.675,64.3,0.647,2019
605,Georgia,Unspecified,5.122999999999999,0.718,64.1,0.583,2020
619,Germany,Unspecified,7.035,0.8859999999999999,72.5,0.462,2019
620,Germany,Unspecified,7.312,0.905,72.8,0.424,2020
634,Ghana,Unspecified,4.967,0.746,57.6,0.857,2019
635,Ghana,Unspecified,5.319,0.643,58.0,0.847,2020
648,Greece,Unspecified,5.952000000000001,0.8909999999999999,72.6,0.848,2019
649,Greece,Unspecified,5.787999999999999,0.779,72.8,0.764,2020
663,Guatemala,Unspecified,6.2620000000000005,0.774,65.1,0.773,2019
672,Guinea,Unspecified,4.768,0.655,55.5,0.7559999999999999,2019
698,Honduras,Unspecified,5.93,0.797,67.4,0.815,2019
708,Hong Kong S.A.R. of China,Unspecified,5.659,0.856,,0.43200000000000005,2019
709,Hong Kong S.A.R. of China,Unspecified,5.295,0.813,,0.38,2020
722,Hungary,Unspecified,6.0,0.9470000000000001,68.0,0.884,2019
723,Hungary,Unspecified,6.037999999999999,0.943,68.4,0.836,2020
730,Iceland,Unspecified,7.5329999999999995,0.982,73.0,0.6990000000000001,2019
731,Iceland,Unspecified,7.575,0.983,73.0,0.644,2020
745,India,Unspecified,3.2489999999999997,0.561,60.5,0.752,2019
746,India,Unspecified,4.225,0.617,60.9,0.78,2020
760,Indonesia,Unspecified,5.347,0.802,62.3,0.861,2019
772,Iran,Unspecified,5.006,0.698,66.3,0.728,2019
773,Iran,Unspecified,4.865,0.757,66.6,0.71,2020
785,Iraq,Unspecified,4.785,0.708,61.4,0.8490000000000001,2020
798,Ireland,Unspecified,7.255,0.9440000000000001,72.4,0.373,2019
799,Ireland,Unspecified,7.035,0.96,72.5,0.35600000000000004,2020
813,Israel,Unspecified,7.332000000000001,0.946,73.5,0.743,2019
814,Israel,Unspecified,7.195,0.9590000000000001,73.7,0.748,2020
828,Italy,Unspecified,6.445,0.838,73.8,0.866,2019
829,Italy,Unspecified,6.4879999999999995,0.89,74.0,0.8440000000000001,2020
837,Ivory Coast,Unspecified,5.392,0.679,50.1,0.799,2019
838,Ivory Coast,Unspecified,5.257000000000001,0.613,50.7,0.777,2020
844,Jamaica,Unspecified,6.309,0.878,67.5,0.885,2019
858,Japan,Unspecified,5.9079999999999995,0.878,75.1,0.617,2019
859,Japan,Unspecified,6.117999999999999,0.887,75.2,0.609,2020
873,Jordan,Unspecified,4.453,0.7929999999999999,67.0,,2019
874,Jordan,Unspecified,4.093999999999999,0.7090000000000001,67.2,,2020
888,Kazakhstan,Unspecified,6.272,0.951,65.2,0.708,2019
889,Kazakhstan,Unspecified,6.167999999999999,0.966,65.8,0.6609999999999999,2020
903,Kenya,Unspecified,4.619,0.6759999999999999,60.7,0.794,2019
904,Kenya,Unspecified,4.547,0.674,61.3,0.8370000000000001,2020
917,Kosovo,Unspecified,6.425,0.843,,0.92,2019
918,Kosovo,Unspecified,6.294,0.792,,0.91,2020
929,Kuwait,Unspecified,6.106,0.8420000000000001,66.9,,2019
943,Kyrgyzstan,Unspecified,5.685,0.877,64.4,0.885,2019
944,Kyrgyzstan,Unspecified,6.25,0.902,64.7,0.9309999999999999,2020
952,Laos,Unspecified,5.197,0.7290000000000001,59.1,0.62,2019
953,Laos,Unspecified,5.284,0.66,59.5,0.748,2020
966,Latvia,Unspecified,5.97,0.9359999999999999,67.1,0.789,2019
967,Latvia,Unspecified,6.229,0.9279999999999999,67.4,0.809,2020
981,Lebanon,Unspecified,4.024,0.866,67.6,0.89,2019
985,Lesotho,Unspecified,3.512,0.79,48.7,0.915,2019
994,Liberia,Unspecified,5.121,0.7120000000000001,56.9,0.828,2019
1000,Libya,Unspecified,5.33,0.8270000000000001,62.3,0.6859999999999999,2019
1014,Lithuania,Unspecified,6.064,0.9179999999999999,67.9,0.7829999999999999,2019
1015,Lithuania,Unspecified,6.391,0.953,68.5,0.8290000000000001,2020
1026,Luxembourg,Unspecified,7.404,0.912,72.6,0.39,2019
1037,Madagascar,Unspecified,4.3389999999999995,0.701,59.5,0.72,2019
1049,Malawi,Unspecified,3.8689999999999998,0.5489999999999999,58.3,0.68,2019
1061,Malaysia,Unspecified,5.428,0.8420000000000001,67.2,0.782,2019
1075,Mali,Unspecified,4.988,0.755,52.2,0.846,2019
1086,Malta,Unspecified,6.733,0.922,72.2,0.6890000000000001,2019
1087,Malta,Unspecified,6.157,0.938,72.2,0.675,2020
1100,Mauritania,Unspecified,4.1530000000000005,0.7979999999999999,57.3,0.743,2019
1106,Mauritius,Unspecified,6.2410000000000005,0.9129999999999999,66.7,0.81,2019
1107,Mauritius,Unspecified,6.015,0.893,67.0,0.772,2020
1121,Mexico,Unspecified,6.432,0.852,68.6,0.809,2019
1122,Mexico,Unspecified,5.9639999999999995,0.779,68.9,0.778,2020
1136,Moldova,Unspecified,5.803,0.809,65.7,0.884,2019
1137,Moldova,Unspecified,5.812,0.8740000000000001,66.4,0.941,2020
1149,Mongolia,Unspecified,5.563,0.946,62.5,0.873,2019
1150,Mongolia,Unspecified,6.011,0.9179999999999999,62.7,0.843,2020
1162,Montenegro,Unspecified,5.386,0.8320000000000001,68.7,0.82,2019
1163,Montenegro,Unspecified,5.722,0.887,68.9,0.845,2020
1172,Morocco,Unspecified,5.0569999999999995,0.535,66.2,0.757,2019
1173,Morocco,Unspecified,4.803,0.5529999999999999,66.5,0.8029999999999999,2020
1181,Mozambique,Unspecified,4.9319999999999995,0.742,55.2,0.682,2019
1189,Myanmar,Unspecified,4.434,0.763,59.3,0.682,2019
1190,Myanmar,Unspecified,4.431,0.7959999999999999,59.6,0.647,2020
1195,Namibia,Unspecified,4.436,0.845,56.8,0.879,2019
1196,Namibia,Unspecified,4.4510000000000005,0.741,57.1,0.81,2020
1210,Nepal,Unspecified,5.449,0.772,64.6,0.7120000000000001,2019
1223,Netherlands,Unspecified,7.425,0.941,72.4,0.36,2019
1224,Netherlands,Unspecified,7.504,0.9440000000000001,72.5,0.281,2020
1237,New Zealand,Unspecified,7.205,0.9390000000000001,73.4,0.23399999999999999,2019
1238,New Zealand,Unspecified,7.257000000000001,0.9520000000000001,73.6,0.28300000000000003,2020
1252,Nicaragua,Unspecified,6.1129999999999995,0.8740000000000001,67.8,0.622,2019
1266,Niger,Unspecified,5.004,0.677,54.0,0.7290000000000001,2019
1278,Nigeria,Unspecified,4.356,0.7340000000000001,50.1,0.873,2019
1279,Nigeria,Unspecified,5.502999999999999,0.7390000000000001,50.5,0.9129999999999999,2020
1286,North Cyprus,Unspecified,5.4670000000000005,0.8029999999999999,,0.64,2019
1298,North Macedonia,Unspecified,5.015,0.815,65.47399999999999,0.9229999999999999,2019
1299,North Macedonia,Unspecified,5.053999999999999,0.75,65.56,0.877,2020
1308,Norway,Unspecified,7.442,0.9420000000000001,73.3,0.271,2019
1309,Norway,Unspecified,7.29,0.956,73.4,0.271,2020
1324,Pakistan,Unspecified,4.4430000000000005,0.617,58.9,0.7759999999999999,2019
1338,Palestinian Territories,Unspecified,4.4830000000000005,0.833,,0.8290000000000001,2019
1352,Panama,Unspecified,6.086,0.8859999999999999,69.7,0.8690000000000001,2019
1365,Paraguay,Unspecified,5.653,0.892,65.9,0.882,2019
1379,Peru,Unspecified,5.999,0.809,68.4,0.8740000000000001,2019
1393,Philippines,Unspecified,6.268,0.845,62.0,0.748,2019
1394,Philippines,Unspecified,5.08,0.7809999999999999,62.1,0.7440000000000001,2020
1407,Poland,Unspecified,6.242000000000001,0.878,69.7,0.696,2019
1408,Poland,Unspecified,6.138999999999999,0.953,70.1,0.787,2020
1420,Portugal,Unspecified,6.095,0.8759999999999999,72.6,0.915,2019
1421,Portugal,Unspecified,5.768,0.875,72.8,0.867,2020
1439,Romania,Unspecified,6.13,0.8420000000000001,67.5,0.9540000000000001,2019
1453,Russia,Unspecified,5.441,0.91,64.7,0.848,2019
1454,Russia,Unspecified,5.495,0.887,65.1,0.823,2020
1466,Rwanda,Unspecified,3.2680000000000002,0.489,61.7,0.168,2019
1480,Saudi Arabia,Unspecified,6.561,0.912,66.6,,2019
1481,Saudi Arabia,Unspecified,6.56,0.89,66.9,,2020
1495,Senegal,Unspecified,5.489,0.688,60.0,0.7959999999999999,2019
1507,Serbia,Unspecified,6.2410000000000005,0.903,68.6,0.813,2019
1508,Serbia,Unspecified,6.042000000000001,0.852,69.0,0.8240000000000001,2020
1520,Sierra Leone,Unspecified,3.447,0.611,52.4,0.8740000000000001,2019
1533,Singapore,Unspecified,6.377999999999999,0.925,77.1,0.07,2019
1544,Slovakia,Unspecified,6.242999999999999,0.9329999999999999,69.2,0.9259999999999999,2019
1545,Slovakia,Unspecified,6.519,0.9540000000000001,69.5,0.9009999999999999,2020
1557,Slovenia,Unspecified,6.665,0.9490000000000001,71.4,0.785,2019
1558,Slovenia,Unspecified,6.462000000000001,0.953,71.7,0.797,2020
1579,South Africa,Unspecified,5.035,0.848,56.9,0.82,2019
1580,South Africa,Unspecified,4.947,0.8909999999999999,57.3,0.912,2020
1594,South Korea,Unspecified,5.903,0.7829999999999999,73.9,0.718,2019
1595,South Korea,Unspecified,5.792999999999999,0.8079999999999999,74.2,0.665,2020
1613,Spain,Unspecified,6.457000000000001,0.9490000000000001,74.7,0.73,2019
1614,Spain,Unspecified,6.502000000000001,0.935,75.0,0.73,2020
1627,Sri Lanka,Unspecified,4.213,0.815,67.4,0.863,2019
1636,Swaziland,Unspecified,4.396,0.759,51.27,0.7240000000000001,2019
1650,Sweden,Unspecified,7.398,0.934,72.7,0.25,2019
1651,Sweden,Unspecified,7.314,0.9359999999999999,72.8,0.203,2020
1660,Switzerland,Unspecified,7.694,0.9490000000000001,74.4,0.294,2019
1661,Switzerland,Unspecified,7.507999999999999,0.946,74.7,0.28,2020
1680,Taiwan Province of China,Unspecified,6.537000000000001,0.893,,0.718,2019
1681,Taiwan Province of China,Unspecified,6.751,0.9009999999999999,,0.711,2020
1695,Tajikistan,Unspecified,5.4639999999999995,0.88,64.4,0.49,2019
1696,Tajikistan,Unspecified,5.372999999999999,0.79,64.7,0.55,2020
1710,Tanzania,Unspecified,3.64,0.687,58.0,0.589,2019
1711,Tanzania,Unspecified,3.786,0.74,58.5,0.521,2020
1725,Thailand,Unspecified,6.022,0.903,67.4,0.877,2019
1726,Thailand,Unspecified,5.885,0.867,67.6,0.9179999999999999,2020
1735,Togo,Unspecified,4.178999999999999,0.539,55.1,0.737,2019
1751,Tunisia,Unspecified,4.315,0.61,67.2,0.889,2019
1752,Tunisia,Unspecified,4.731,0.7190000000000001,67.5,0.877,2020
1766,Turkey,Unspecified,4.872,0.792,67.2,0.76,2019
1767,Turkey,Unspecified,4.862,0.857,67.6,0.774,2020
1777,Turkmenistan,Unspecified,5.474,0.982,62.6,,2019
1791,Uganda,Unspecified,4.948,0.805,56.1,0.826,2019
1792,Uganda,Unspecified,4.641,0.8,56.5,0.878,2020
1806,Ukraine,Unspecified,4.702,0.883,64.9,0.885,2019
1807,Ukraine,Unspecified,5.27,0.885,65.2,0.946,2020
1819,United Arab Emirates,Unspecified,6.711,0.862,67.3,,2019
1820,United Arab Emirates,Unspecified,6.457999999999999,0.8270000000000001,67.5,,2020
1834,United Kingdom,Unspecified,7.157,0.943,72.5,0.485,2019
1835,United Kingdom,Unspecified,6.797999999999999,0.929,72.7,0.49,2020
1849,United States,Unspecified,6.944,0.917,68.2,0.7070000000000001,2019
1850,United States,Unspecified,7.028,0.937,68.1,0.6779999999999999,2020
1864,Uruguay,Unspecified,6.6,0.9329999999999999,69.1,0.599,2019
1865,Uruguay,Unspecified,6.31,0.9209999999999999,69.2,0.491,2020
1878,Uzbekistan,Unspecified,6.154,0.915,65.4,0.511,2019
1892,Venezuela,Unspecified,5.081,0.888,66.7,0.8390000000000001,2019
1893,Venezuela,Unspecified,4.574,0.805,66.9,0.8109999999999999,2020
1907,Vietnam,Unspecified,5.4670000000000005,0.848,68.1,0.7879999999999999,2019
1919,Yemen,Unspecified,4.197,0.87,57.5,0.7979999999999999,2019
1932,Zambia,Unspecified,3.307,0.638,55.8,0.8320000000000001,2019
1933,Zambia,Unspecified,4.838,0.767,56.3,0.81,2020
1947,Zimbabwe,Unspecified,2.694,0.759,56.2,0.831,2019
1948,Zimbabwe,Unspecified,3.16,0.7170000000000001,56.8,0.789,2020
